xi, eta, zeta, a, b, c, particle index (in cuboids)
155.8030396, 19.73530011, 9.118877404, 7.034639629, 4.019794074, 5.024742592, 1
146.758503, 20.74024862, 11.12877444, 2.009897037, 3.014845555, 7.034639629, 1
150.778297, 25.76499122, 12.13372296, 4.019794074, 2.009897037, 4.019794074, 1
152.7881941, 19.73530011, 16.15351703, 4.019794074, 4.019794074, 2.009897037, 1
164.8475763, 14.71055751, 11.12877444, 2.009897037, 5.024742592, 3.014845555, 1
154.7980911, 18.73035159, 3.089186294, 8.039588147, 3.014845555, 1.004948518, 1
163.8426278, 25.76499122, 4.094134812, 5.024742592, 2.009897037, 2.009897037, 1
159.8228337, 13.70560899, 15.14856851, 3.014845555, 2.009897037, 3.014845555, 1
152.7881941, 24.7600427, 6.104031849, 6.02969111, 1.004948518, 2.009897037, 1
167.8624219, 12.70066048, 10.12382592, 1.004948518, 3.014845555, 4.019794074, 1
143.7436574, 19.73530011, 11.12877444, 1.004948518, 2.009897037, 5.024742592, 1
163.8426278, 21.74519714, 7.108980367, 1.004948518, 2.009897037, 5.024742592, 1
160.8277822, 14.71055751, 8.113928886, 2.009897037, 1.004948518, 4.019794074, 1
154.7980911, 14.71055751, 15.14856851, 2.009897037, 1.004948518, 3.014845555, 1
157.8129367, 24.7600427, 10.12382592, 3.014845555, 1.004948518, 2.009897037, 1
159.8228337, 16.72045455, 16.15351703, 3.014845555, 1.004948518, 2.009897037, 1
163.8426278, 16.72045455, 6.104031849, 1.004948518, 3.014845555, 2.009897037, 1
161.8327307, 25.76499122, 7.108980367, 3.014845555, 2.009897037, 1.004948518, 1
167.8624219, 8.680866403, 12.13372296, 3.014845555, 1.004948518, 2.009897037, 1
151.7832456, 18.73035159, 19.16836259, 5.024742592, 1.004948518, 1.004948518, 1
169.8723189, 10.69076344, 11.12877444, 1.004948518, 1.004948518, 5.024742592, 1
150.778297, 25.76499122, 17.15846555, 2.009897037, 2.009897037, 1.004948518, 1
160.8277822, 22.75014566, 2.084237775, 2.009897037, 1.004948518, 2.009897037, 1
165.8525248, 20.74024862, 8.113928886, 1.004948518, 1.004948518, 4.019794074, 1
162.8376793, 28.77983677, 5.09908333, 4.019794074, 1.004948518, 1.004948518, 1
166.8574733, 22.75014566, 4.094134812, 2.009897037, 1.004948518, 2.009897037, 1
145.7535545, 24.7600427, 13.13867148, 1.004948518, 1.004948518, 3.014845555, 1
159.8228337, 18.73035159, 15.14856851, 3.014845555, 1.004948518, 1.004948518, 1
165.8525248, 12.70066048, 7.108980367, 1.004948518, 3.014845555, 1.004948518, 1
165.8525248, 12.70066048, 15.14856851, 3.014845555, 1.004948518, 1.004948518, 1
169.8723189, 24.7600427, 3.089186294, 1.004948518, 3.014845555, 1.004948518, 1
145.7535545, 19.73530011, 3.089186294, 1.004948518, 2.009897037, 1.004948518, 1
147.7634515, 16.72045455, 6.104031849, 1.004948518, 1.004948518, 2.009897037, 1
149.7733485, 28.77983677, 14.14362, 1.004948518, 1.004948518, 2.009897037, 1
151.7832456, 14.71055751, 16.15351703, 1.004948518, 1.004948518, 2.009897037, 1
155.8030396, 12.70066048, 16.15351703, 1.004948518, 1.004948518, 2.009897037, 1
155.8030396, 15.71550603, 19.16836259, 1.004948518, 2.009897037, 1.004948518, 1
155.8030396, 24.7600427, 14.14362, 1.004948518, 1.004948518, 2.009897037, 1
155.8030396, 26.76993973, 8.113928886, 1.004948518, 1.004948518, 2.009897037, 1
156.8079882, 22.75014566, 3.089186294, 2.009897037, 1.004948518, 1.004948518, 1
161.8327307, 12.70066048, 10.12382592, 1.004948518, 1.004948518, 2.009897037, 1
161.8327307, 25.76499122, 9.118877404, 1.004948518, 2.009897037, 1.004948518, 1
167.8624219, 16.72045455, 10.12382592, 1.004948518, 1.004948518, 2.009897037, 1
169.8723189, 12.70066048, 10.12382592, 1.004948518, 1.004948518, 2.009897037, 1
143.7436574, 22.75014566, 7.108980367, 1.004948518, 1.004948518, 1.004948518, 1
145.7535545, 16.72045455, 5.09908333, 1.004948518, 1.004948518, 1.004948518, 1
147.7634515, 16.72045455, 13.13867148, 1.004948518, 1.004948518, 1.004948518, 1
147.7634515, 16.72045455, 17.15846555, 1.004948518, 1.004948518, 1.004948518, 1
147.7634515, 20.74024862, 19.16836259, 1.004948518, 1.004948518, 1.004948518, 1
147.7634515, 22.75014566, 3.089186294, 1.004948518, 1.004948518, 1.004948518, 1
149.7733485, 16.72045455, 19.16836259, 1.004948518, 1.004948518, 1.004948518, 1
149.7733485, 24.7600427, 3.089186294, 1.004948518, 1.004948518, 1.004948518, 1
149.7733485, 26.76993973, 7.108980367, 1.004948518, 1.004948518, 1.004948518, 1
153.7931426, 20.74024862, 19.16836259, 1.004948518, 1.004948518, 1.004948518, 1
153.7931426, 24.7600427, 17.15846555, 1.004948518, 1.004948518, 1.004948518, 1
153.7931426, 26.76993973, 7.108980367, 1.004948518, 1.004948518, 1.004948518, 1
157.8129367, 12.70066048, 19.16836259, 1.004948518, 1.004948518, 1.004948518, 1
157.8129367, 14.71055751, 5.09908333, 1.004948518, 1.004948518, 1.004948518, 1
157.8129367, 24.7600427, 3.089186294, 1.004948518, 1.004948518, 1.004948518, 1
157.8129367, 26.76993973, 5.09908333, 1.004948518, 1.004948518, 1.004948518, 1
159.8228337, 12.70066048, 11.12877444, 1.004948518, 1.004948518, 1.004948518, 1
159.8228337, 28.77983677, 3.089186294, 1.004948518, 1.004948518, 1.004948518, 1
161.8327307, 10.69076344, 13.13867148, 1.004948518, 1.004948518, 1.004948518, 1
161.8327307, 12.70066048, 5.09908333, 1.004948518, 1.004948518, 1.004948518, 1
161.8327307, 24.7600427, 1.079289257, 1.004948518, 1.004948518, 1.004948518, 1
163.8426278, 12.70066048, 7.108980367, 1.004948518, 1.004948518, 1.004948518, 1
163.8426278, 14.71055751, 15.14856851, 1.004948518, 1.004948518, 1.004948518, 1
163.8426278, 16.72045455, 17.15846555, 1.004948518, 1.004948518, 1.004948518, 1
163.8426278, 18.73035159, 3.089186294, 1.004948518, 1.004948518, 1.004948518, 1
163.8426278, 20.74024862, 13.13867148, 1.004948518, 1.004948518, 1.004948518, 1
163.8426278, 26.76993973, 9.118877404, 1.004948518, 1.004948518, 1.004948518, 1
163.8426278, 28.77983677, 3.089186294, 1.004948518, 1.004948518, 1.004948518, 1
163.8426278, 28.77983677, 7.108980367, 1.004948518, 1.004948518, 1.004948518, 1
165.8525248, 16.72045455, 15.14856851, 1.004948518, 1.004948518, 1.004948518, 1
165.8525248, 18.73035159, 7.108980367, 1.004948518, 1.004948518, 1.004948518, 1
165.8525248, 22.75014566, 7.108980367, 1.004948518, 1.004948518, 1.004948518, 1
165.8525248, 26.76993973, 7.108980367, 1.004948518, 1.004948518, 1.004948518, 1
167.8624219, 8.680866403, 9.118877404, 1.004948518, 1.004948518, 1.004948518, 1
171.8822159, 8.680866403, 11.12877444, 1.004948518, 1.004948518, 1.004948518, 1
33.30803408, 34.92862053, 31.72883157, 4.079652496, 3.059739372, 2.039826248, 2
38.4075997, 39.00827303, 31.72883157, 1.019913124, 5.09956562, 2.039826248, 2
32.28812096, 33.90870741, 28.6690922, 3.059739372, 2.039826248, 1.019913124, 2
35.34786033, 39.00827303, 30.70891844, 2.039826248, 1.019913124, 3.059739372, 2
28.20846846, 33.90870741, 31.72883157, 1.019913124, 2.039826248, 2.039826248, 2
31.26820783, 30.84896803, 30.70891844, 4.079652496, 1.019913124, 1.019913124, 2
34.32794721, 36.96844678, 28.6690922, 3.059739372, 1.019913124, 1.019913124, 2
32.28812096, 35.94853365, 26.62926595, 1.019913124, 2.039826248, 1.019913124, 2
32.28812096, 39.00827303, 31.72883157, 1.019913124, 1.019913124, 2.039826248, 2
34.32794721, 41.04809928, 29.68900532, 1.019913124, 1.019913124, 2.039826248, 2
36.36777345, 29.82905491, 32.74874469, 1.019913124, 2.039826248, 1.019913124, 2
36.36777345, 41.04809928, 31.72883157, 1.019913124, 1.019913124, 2.039826248, 2
28.20846846, 34.92862053, 28.6690922, 1.019913124, 1.019913124, 1.019913124, 2
30.24829471, 39.00827303, 30.70891844, 1.019913124, 1.019913124, 1.019913124, 2
34.32794721, 30.84896803, 28.6690922, 1.019913124, 1.019913124, 1.019913124, 2
34.32794721, 30.84896803, 32.74874469, 1.019913124, 1.019913124, 1.019913124, 2
34.32794721, 32.88879428, 34.78857094, 1.019913124, 1.019913124, 1.019913124, 2
36.36777345, 34.92862053, 28.6690922, 1.019913124, 1.019913124, 1.019913124, 2
36.36777345, 34.92862053, 34.78857094, 1.019913124, 1.019913124, 1.019913124, 2
36.36777345, 43.08792552, 30.70891844, 1.019913124, 1.019913124, 1.019913124, 2
38.4075997, 32.88879428, 32.74874469, 1.019913124, 1.019913124, 1.019913124, 2
40.44742595, 43.08792552, 32.74874469, 1.019913124, 1.019913124, 1.019913124, 2
145.0150628, 42.35869391, 30.71333334, 5.078492209, 5.078492209, 3.047095325, 3
147.0464597, 49.46858301, 31.72903178, 5.078492209, 2.031396884, 2.031396884, 3
152.1249519, 44.3900908, 30.71333334, 2.031396884, 3.047095325, 3.047095325, 3
143.9993643, 42.35869391, 26.65053957, 4.062793767, 3.047095325, 1.015698442, 3
146.0307612, 36.26450326, 31.72903178, 4.062793767, 1.015698442, 2.031396884, 3
138.9208721, 42.35869391, 29.6976349, 1.015698442, 3.047095325, 2.031396884, 3
147.0464597, 46.42148768, 26.65053957, 5.078492209, 1.015698442, 1.015698442, 3
147.0464597, 48.45288457, 28.68193646, 5.078492209, 1.015698442, 1.015698442, 3
152.1249519, 40.32729703, 31.72903178, 2.031396884, 1.015698442, 2.031396884, 3
155.1720472, 43.37439236, 31.72903178, 1.015698442, 2.031396884, 2.031396884, 3
142.9836659, 36.26450326, 28.68193646, 3.047095325, 1.015698442, 1.015698442, 3
138.9208721, 38.29590015, 31.72903178, 1.015698442, 1.015698442, 2.031396884, 3
138.9208721, 45.40578924, 32.74473022, 1.015698442, 2.031396884, 1.015698442, 3
140.952269, 48.45288457, 31.72903178, 1.015698442, 1.015698442, 2.031396884, 3
143.9993643, 38.29590015, 26.65053957, 2.031396884, 1.015698442, 1.015698442, 3
149.0778565, 42.35869391, 25.63484113, 1.015698442, 1.015698442, 2.031396884, 3
150.093555, 44.3900908, 26.65053957, 2.031396884, 1.015698442, 1.015698442, 3
152.1249519, 38.29590015, 32.74473022, 2.031396884, 1.015698442, 1.015698442, 3
153.1406503, 48.45288457, 31.72903178, 1.015698442, 1.015698442, 2.031396884, 3
136.8894752, 40.32729703, 30.71333334, 1.015698442, 1.015698442, 1.015698442, 3
136.8894752, 44.3900908, 30.71333334, 1.015698442, 1.015698442, 1.015698442, 3
140.952269, 36.26450326, 30.71333334, 1.015698442, 1.015698442, 1.015698442, 3
142.9836659, 34.23310638, 28.68193646, 1.015698442, 1.015698442, 1.015698442, 3
142.9836659, 46.42148768, 34.77612711, 1.015698442, 1.015698442, 1.015698442, 3
145.0150628, 40.32729703, 24.61914269, 1.015698442, 1.015698442, 1.015698442, 3
145.0150628, 40.32729703, 34.77612711, 1.015698442, 1.015698442, 1.015698442, 3
145.0150628, 44.3900908, 24.61914269, 1.015698442, 1.015698442, 1.015698442, 3
147.0464597, 50.48428145, 28.68193646, 1.015698442, 1.015698442, 1.015698442, 3
147.0464597, 50.48428145, 34.77612711, 1.015698442, 1.015698442, 1.015698442, 3
151.1092534, 40.32729703, 28.68193646, 1.015698442, 1.015698442, 1.015698442, 3
96.07228938, 57.20324363, 8.106519232, 8.005774339, 5.003608962, 6.004330755, 4
91.06868041, 50.19819108, 6.105075647, 5.003608962, 2.001443585, 4.00288717, 4
99.07445475, 63.20757438, 7.105797439, 7.005052547, 1.000721792, 5.003608962, 4
95.07156758, 57.20324363, 15.11157178, 5.003608962, 5.003608962, 1.000721792, 4
105.0787855, 57.20324363, 9.107241024, 1.000721792, 5.003608962, 5.003608962, 4
86.06507145, 55.20180004, 6.105075647, 2.001443585, 3.002165377, 4.00288717, 4
99.07445475, 51.19891288, 9.107241024, 3.002165377, 1.000721792, 7.005052547, 4
96.07228938, 55.20180004, 17.11301536, 2.001443585, 5.003608962, 1.000721792, 4
97.07301117, 49.19746929, 13.11012819, 3.002165377, 1.000721792, 3.002165377, 4
103.0773419, 65.20901797, 7.105797439, 3.002165377, 1.000721792, 3.002165377, 4
87.06579324, 56.20252184, 12.1094064, 1.000721792, 4.00288717, 2.001443585, 4
90.06795862, 56.20252184, 1.101466685, 2.001443585, 4.00288717, 1.000721792, 4
85.06434966, 50.19819108, 5.104353854, 1.000721792, 2.001443585, 3.002165377, 4
87.06579324, 60.20540901, 5.104353854, 1.000721792, 2.001443585, 3.002165377, 4
89.06723683, 47.19602571, 6.105075647, 3.002165377, 1.000721792, 2.001443585, 4
93.070124, 51.19891288, 12.1094064, 3.002165377, 1.000721792, 2.001443585, 4
97.07301117, 63.20757438, 13.11012819, 5.003608962, 1.000721792, 1.000721792, 4
103.0773419, 51.19891288, 11.10868461, 1.000721792, 1.000721792, 5.003608962, 4
107.0802291, 61.2061308, 9.107241024, 1.000721792, 1.000721792, 5.003608962, 4
94.07084579, 58.20396542, 1.101466685, 2.001443585, 2.001443585, 1.000721792, 4
102.0766201, 54.20107825, 15.11157178, 2.001443585, 2.001443585, 1.000721792, 4
85.06434966, 59.20468721, 9.107241024, 1.000721792, 1.000721792, 3.002165377, 4
89.06723683, 57.20324363, 15.11157178, 1.000721792, 3.002165377, 1.000721792, 4
93.070124, 57.20324363, 17.11301536, 1.000721792, 3.002165377, 1.000721792, 4
97.07301117, 49.19746929, 7.105797439, 1.000721792, 1.000721792, 3.002165377, 4
99.07445475, 65.20901797, 9.107241024, 1.000721792, 1.000721792, 3.002165377, 4
105.0787855, 59.20468721, 3.10291027, 1.000721792, 3.002165377, 1.000721792, 4
87.06579324, 56.20252184, 1.101466685, 1.000721792, 2.001443585, 1.000721792, 4
89.06723683, 50.19819108, 1.101466685, 1.000721792, 2.001443585, 1.000721792, 4
93.070124, 49.19746929, 12.1094064, 1.000721792, 1.000721792, 2.001443585, 4
94.07084579, 51.19891288, 15.11157178, 2.001443585, 1.000721792, 1.000721792, 4
96.07228938, 63.20757438, 15.11157178, 2.001443585, 1.000721792, 1.000721792, 4
99.07445475, 52.19963467, 17.11301536, 1.000721792, 2.001443585, 1.000721792, 4
101.0758983, 49.19746929, 16.11229357, 1.000721792, 1.000721792, 2.001443585, 4
103.0773419, 58.20396542, 1.101466685, 1.000721792, 2.001443585, 1.000721792, 4
104.0780637, 59.20468721, 15.11157178, 2.001443585, 1.000721792, 1.000721792, 4
107.0802291, 58.20396542, 13.11012819, 1.000721792, 2.001443585, 1.000721792, 4
83.06290607, 51.19891288, 5.104353854, 1.000721792, 1.000721792, 1.000721792, 4
83.06290607, 55.20180004, 7.105797439, 1.000721792, 1.000721792, 1.000721792, 4
85.06434966, 51.19891288, 9.107241024, 1.000721792, 1.000721792, 1.000721792, 4
85.06434966, 57.20324363, 11.10868461, 1.000721792, 1.000721792, 1.000721792, 4
85.06434966, 59.20468721, 3.10291027, 1.000721792, 1.000721792, 1.000721792, 4
87.06579324, 51.19891288, 1.101466685, 1.000721792, 1.000721792, 1.000721792, 4
87.06579324, 59.20468721, 9.107241024, 1.000721792, 1.000721792, 1.000721792, 4
89.06723683, 51.19891288, 11.10868461, 1.000721792, 1.000721792, 1.000721792, 4
91.06868041, 49.19746929, 11.10868461, 1.000721792, 1.000721792, 1.000721792, 4
91.06868041, 57.20324363, 17.11301536, 1.000721792, 1.000721792, 1.000721792, 4
91.06868041, 63.20757438, 5.104353854, 1.000721792, 1.000721792, 1.000721792, 4
91.06868041, 63.20757438, 9.107241024, 1.000721792, 1.000721792, 1.000721792, 4
95.07156758, 55.20180004, 1.101466685, 1.000721792, 1.000721792, 1.000721792, 4
97.07301117, 57.20324363, 1.101466685, 1.000721792, 1.000721792, 1.000721792, 4
97.07301117, 65.20901797, 9.107241024, 1.000721792, 1.000721792, 1.000721792, 4
99.07445475, 49.19746929, 7.105797439, 1.000721792, 1.000721792, 1.000721792, 4
101.0758983, 49.19746929, 11.10868461, 1.000721792, 1.000721792, 1.000721792, 4
101.0758983, 55.20180004, 1.101466685, 1.000721792, 1.000721792, 1.000721792, 4
101.0758983, 59.20468721, 1.101466685, 1.000721792, 1.000721792, 1.000721792, 4
101.0758983, 65.20901797, 11.10868461, 1.000721792, 1.000721792, 1.000721792, 4
103.0773419, 55.20180004, 17.11301536, 1.000721792, 1.000721792, 1.000721792, 4
103.0773419, 65.20901797, 3.10291027, 1.000721792, 1.000721792, 1.000721792, 4
105.0787855, 55.20180004, 15.11157178, 1.000721792, 1.000721792, 1.000721792, 4
105.0787855, 63.20757438, 13.11012819, 1.000721792, 1.000721792, 1.000721792, 4
105.0787855, 65.20901797, 11.10868461, 1.000721792, 1.000721792, 1.000721792, 4
107.0802291, 53.20035646, 13.11012819, 1.000721792, 1.000721792, 1.000721792, 4
107.0802291, 63.20757438, 7.105797439, 1.000721792, 1.000721792, 1.000721792, 4
107.0802291, 63.20757438, 11.10868461, 1.000721792, 1.000721792, 1.000721792, 4
107.0802291, 65.20901797, 13.11012819, 1.000721792, 1.000721792, 1.000721792, 4
58.5549262, 49.45, 32.27217712, 0.764797052, 1.147195578, 0.382398526, 5
58.93732472, 49.45, 33.4193727, 0.382398526, 0.382398526, 0.764797052, 5
58.17252767, 48.68520295, 33.03697417, 0.382398526, 0.382398526, 0.382398526, 5
58.93732472, 50.21479705, 33.80177122, 0.382398526, 0.382398526, 0.382398526, 5
59.70212178, 48.68520295, 32.27217712, 0.382398526, 0.382398526, 0.382398526, 5
59.93429972, 66.66343741, 19.24572834, 2.951844568, 2.951844568, 2.951844568, 6
55.99850696, 65.67948922, 20.22967653, 0.983948189, 3.935792757, 1.967896378, 6
57.96640334, 65.67948922, 23.18152109, 2.951844568, 1.967896378, 0.983948189, 6
58.95035153, 67.64738559, 15.30993558, 1.967896378, 1.967896378, 0.983948189, 6
54.03061058, 67.64738559, 19.24572834, 0.983948189, 1.967896378, 0.983948189, 6
63.87009247, 65.67948922, 21.21362472, 0.983948189, 1.967896378, 0.983948189, 6
54.03061058, 68.63133378, 21.21362472, 0.983948189, 0.983948189, 0.983948189, 6
55.99850696, 66.66343741, 17.27783196, 0.983948189, 0.983948189, 0.983948189, 6
55.99850696, 68.63133378, 15.30993558, 0.983948189, 0.983948189, 0.983948189, 6
57.96640334, 62.72764465, 21.21362472, 0.983948189, 0.983948189, 0.983948189, 6
57.96640334, 70.59923016, 19.24572834, 0.983948189, 0.983948189, 0.983948189, 6
59.93429972, 62.72764465, 17.27783196, 0.983948189, 0.983948189, 0.983948189, 6
59.93429972, 64.69554103, 15.30993558, 0.983948189, 0.983948189, 0.983948189, 6
59.93429972, 68.63133378, 23.18152109, 0.983948189, 0.983948189, 0.983948189, 6
59.93429972, 70.59923016, 17.27783196, 0.983948189, 0.983948189, 0.983948189, 6
61.90219609, 66.66343741, 23.18152109, 0.983948189, 0.983948189, 0.983948189, 6
28.24419175, 78.15065365, 6.432705425, 4.986530143, 10.97036631, 4.986530143, 7
35.22533395, 77.15334762, 7.430011454, 1.994612057, 5.983836171, 5.983836171, 7
30.23880381, 76.15604159, 13.41384763, 2.991918086, 8.975754257, 1.994612057, 7
21.26304955, 84.13448982, 5.435399397, 1.994612057, 4.986530143, 3.989224114, 7
26.2495797, 91.11563202, 5.435399397, 4.986530143, 1.994612057, 3.989224114, 7
28.24419175, 66.1829813, 9.424623511, 2.991918086, 0.997306029, 5.983836171, 7
35.22533395, 73.1641235, 15.40845968, 1.994612057, 3.989224114, 1.994612057, 7
38.21725204, 74.16142953, 6.432705425, 0.997306029, 2.991918086, 4.986530143, 7
31.23610984, 76.15604159, 16.40576571, 1.994612057, 6.9811422, 0.997306029, 7
26.2495797, 81.14257173, 13.41384763, 0.997306029, 5.983836171, 1.994612057, 7
34.22802792, 85.13179585, 8.427317482, 0.997306029, 1.994612057, 4.986530143, 7
26.2495797, 94.1075501, 6.432705425, 2.991918086, 0.997306029, 2.991918086, 7
18.27113147, 85.13179585, 7.430011454, 0.997306029, 1.994612057, 3.989224114, 7
15.27921338, 72.16681747, 4.438093368, 1.994612057, 2.991918086, 0.997306029, 7
22.26035558, 77.15334762, 4.438093368, 0.997306029, 1.994612057, 2.991918086, 7
22.26035558, 84.13448982, 11.41923557, 0.997306029, 2.991918086, 1.994612057, 7
26.2495797, 69.17489939, 14.41115365, 0.997306029, 1.994612057, 2.991918086, 7
30.23880381, 87.1264079, 12.4165416, 2.991918086, 1.994612057, 0.997306029, 7
34.22802792, 70.17220542, 7.430011454, 0.997306029, 0.997306029, 5.983836171, 7
38.21725204, 79.14795967, 4.438093368, 0.997306029, 1.994612057, 2.991918086, 7
17.27382544, 73.1641235, 6.432705425, 1.994612057, 1.994612057, 0.997306029, 7
17.27382544, 76.15604159, 3.440787339, 1.994612057, 0.997306029, 1.994612057, 7
19.2684375, 78.15065365, 3.440787339, 1.994612057, 0.997306029, 1.994612057, 7
24.25496764, 83.13718379, 12.4165416, 0.997306029, 3.989224114, 0.997306029, 7
26.2495797, 85.13179585, 0.448869254, 0.997306029, 3.989224114, 0.997306029, 7
27.24688572, 96.10216216, 5.435399397, 1.994612057, 0.997306029, 1.994612057, 7
27.24688572, 90.11832599, 10.42192954, 3.989224114, 0.997306029, 0.997306029, 7
32.23341587, 90.11832599, 5.435399397, 0.997306029, 0.997306029, 3.989224114, 7
34.22802792, 81.14257173, 14.41115365, 0.997306029, 3.989224114, 0.997306029, 7
34.22802792, 89.12101996, 7.430011454, 0.997306029, 1.994612057, 1.994612057, 7
36.22263998, 84.13448982, 9.424623511, 0.997306029, 0.997306029, 3.989224114, 7
38.21725204, 75.15873556, 15.40845968, 0.997306029, 1.994612057, 1.994612057, 7
40.2118641, 77.15334762, 5.435399397, 0.997306029, 1.994612057, 1.994612057, 7
20.26574352, 84.13448982, 10.42192954, 0.997306029, 2.991918086, 0.997306029, 7
20.26574352, 90.11832599, 6.432705425, 0.997306029, 0.997306029, 2.991918086, 7
24.25496764, 66.1829813, 6.432705425, 0.997306029, 0.997306029, 2.991918086, 7
28.24419175, 68.17759336, 16.40576571, 0.997306029, 2.991918086, 0.997306029, 7
28.24419175, 78.15065365, 16.40576571, 0.997306029, 2.991918086, 0.997306029, 7
32.23341587, 74.16142953, 0.448869254, 2.991918086, 0.997306029, 0.997306029, 7
14.28190735, 71.16951145, 6.432705425, 0.997306029, 1.994612057, 0.997306029, 7
14.28190735, 73.1641235, 2.443481311, 0.997306029, 1.994612057, 0.997306029, 7
22.26035558, 69.17489939, 4.438093368, 0.997306029, 1.994612057, 0.997306029, 7
26.2495797, 73.1641235, 12.4165416, 0.997306029, 1.994612057, 0.997306029, 7
27.24688572, 64.18836925, 8.427317482, 1.994612057, 0.997306029, 0.997306029, 7
28.24419175, 64.18836925, 13.41384763, 0.997306029, 0.997306029, 1.994612057, 7
30.23880381, 83.13718379, 0.448869254, 0.997306029, 1.994612057, 0.997306029, 7
29.24149778, 92.11293805, 10.42192954, 1.994612057, 0.997306029, 0.997306029, 7
30.23880381, 94.1075501, 5.435399397, 0.997306029, 0.997306029, 1.994612057, 7
32.23341587, 66.1829813, 3.440787339, 0.997306029, 0.997306029, 1.994612057, 7
32.23341587, 92.11293805, 5.435399397, 0.997306029, 0.997306029, 1.994612057, 7
34.22802792, 68.17759336, 9.424623511, 0.997306029, 0.997306029, 1.994612057, 7
36.22263998, 70.17220542, 3.440787339, 0.997306029, 0.997306029, 1.994612057, 7
36.22263998, 70.17220542, 11.41923557, 0.997306029, 0.997306029, 1.994612057, 7
38.21725204, 72.16681747, 13.41384763, 0.997306029, 0.997306029, 1.994612057, 7
12.2872953, 72.16681747, 4.438093368, 0.997306029, 0.997306029, 0.997306029, 7
16.27651941, 68.17759336, 4.438093368, 0.997306029, 0.997306029, 0.997306029, 7
16.27651941, 70.17220542, 2.443481311, 0.997306029, 0.997306029, 0.997306029, 7
16.27651941, 74.16142953, 2.443481311, 0.997306029, 0.997306029, 0.997306029, 7
18.27113147, 68.17759336, 2.443481311, 0.997306029, 0.997306029, 0.997306029, 7
18.27113147, 74.16142953, 4.438093368, 0.997306029, 0.997306029, 0.997306029, 7
18.27113147, 76.15604159, 6.432705425, 0.997306029, 0.997306029, 0.997306029, 7
18.27113147, 88.12371393, 6.432705425, 0.997306029, 0.997306029, 0.997306029, 7
20.26574352, 76.15604159, 4.438093368, 0.997306029, 0.997306029, 0.997306029, 7
20.26574352, 78.15065365, 6.432705425, 0.997306029, 0.997306029, 0.997306029, 7
20.26574352, 82.13987776, 12.4165416, 0.997306029, 0.997306029, 0.997306029, 7
22.26035558, 70.17220542, 6.432705425, 0.997306029, 0.997306029, 0.997306029, 7
22.26035558, 78.15065365, 8.427317482, 0.997306029, 0.997306029, 0.997306029, 7
22.26035558, 80.1452657, 10.42192954, 0.997306029, 0.997306029, 0.997306029, 7
22.26035558, 88.12371393, 10.42192954, 0.997306029, 0.997306029, 0.997306029, 7
22.26035558, 94.1075501, 6.432705425, 0.997306029, 0.997306029, 0.997306029, 7
24.25496764, 70.17220542, 14.41115365, 0.997306029, 0.997306029, 0.997306029, 7
24.25496764, 82.13987776, 14.41115365, 0.997306029, 0.997306029, 0.997306029, 7
26.2495797, 88.12371393, 12.4165416, 0.997306029, 0.997306029, 0.997306029, 7
26.2495797, 94.1075501, 2.443481311, 0.997306029, 0.997306029, 0.997306029, 7
26.2495797, 96.10216216, 8.427317482, 0.997306029, 0.997306029, 0.997306029, 7
28.24419175, 86.12910187, 14.41115365, 0.997306029, 0.997306029, 0.997306029, 7
30.23880381, 64.18836925, 2.443481311, 0.997306029, 0.997306029, 0.997306029, 7
30.23880381, 66.1829813, 16.40576571, 0.997306029, 0.997306029, 0.997306029, 7
32.23341587, 66.1829813, 8.427317482, 0.997306029, 0.997306029, 0.997306029, 7
32.23341587, 76.15604159, 0.448869254, 0.997306029, 0.997306029, 0.997306029, 7
32.23341587, 82.13987776, 0.448869254, 0.997306029, 0.997306029, 0.997306029, 7
32.23341587, 86.12910187, 14.41115365, 0.997306029, 0.997306029, 0.997306029, 7
34.22802792, 84.13448982, 2.443481311, 0.997306029, 0.997306029, 0.997306029, 7
34.22802792, 88.12371393, 4.438093368, 0.997306029, 0.997306029, 0.997306029, 7
36.22263998, 78.15065365, 14.41115365, 0.997306029, 0.997306029, 0.997306029, 7
36.22263998, 86.12910187, 8.427317482, 0.997306029, 0.997306029, 0.997306029, 7
40.2118641, 74.16142953, 6.432705425, 0.997306029, 0.997306029, 0.997306029, 7
40.2118641, 74.16142953, 10.42192954, 0.997306029, 0.997306029, 0.997306029, 7
40.2118641, 80.1452657, 4.438093368, 0.997306029, 0.997306029, 0.997306029, 7
143.9931907, 78.8122287, 10.12157063, 2.020226853, 3.03034028, 2.020226853, 8
140.9628504, 77.80211528, 11.13168405, 1.010113427, 4.040453706, 1.010113427, 8
145.0033041, 79.82234213, 13.15191091, 1.010113427, 2.020226853, 1.010113427, 8
140.9628504, 78.8122287, 13.15191091, 1.010113427, 1.010113427, 1.010113427, 8
140.9628504, 80.83245556, 9.111457199, 1.010113427, 1.010113427, 1.010113427, 8
142.9830773, 80.83245556, 13.15191091, 1.010113427, 1.010113427, 1.010113427, 8
72.11161572, 86.57662735, 8.437373674, 3.02966732, 4.039556426, 3.02966732, 9
71.10172661, 87.58651646, 4.397817248, 2.019778213, 3.02966732, 1.009889107, 9
71.10172661, 91.62607289, 8.437373674, 2.019778213, 1.009889107, 3.02966732, 9
68.07205929, 86.57662735, 7.427484567, 1.009889107, 2.019778213, 2.019778213, 9
76.15117214, 87.58651646, 8.437373674, 1.009889107, 3.02966732, 1.009889107, 9
68.07205929, 88.59640557, 10.45715189, 1.009889107, 2.019778213, 1.009889107, 9
72.11161572, 81.52718182, 9.44726278, 1.009889107, 1.009889107, 2.019778213, 9
74.13139393, 86.57662735, 4.397817248, 1.009889107, 2.019778213, 1.009889107, 9
74.13139393, 88.59640557, 12.4769301, 1.009889107, 2.019778213, 1.009889107, 9
74.13139393, 91.62607289, 9.44726278, 1.009889107, 1.009889107, 2.019778213, 9
76.15117214, 84.55684914, 10.45715189, 1.009889107, 2.019778213, 1.009889107, 9
66.05228108, 85.56673825, 8.437373674, 1.009889107, 1.009889107, 1.009889107, 9
68.07205929, 83.54696003, 8.437373674, 1.009889107, 1.009889107, 1.009889107, 9
70.0918375, 81.52718182, 6.417595461, 1.009889107, 1.009889107, 1.009889107, 9
70.0918375, 87.58651646, 12.4769301, 1.009889107, 1.009889107, 1.009889107, 9
76.15117214, 89.60629467, 10.45715189, 1.009889107, 1.009889107, 1.009889107, 9
182.0714308, 101.4348705, 5.066390923, 4.991464818, 7.986343709, 2.994878891, 10
172.0885012, 107.4246282, 5.066390923, 4.991464818, 3.993171855, 2.994878891, 10
184.0680167, 100.4365775, 10.05785574, 4.991464818, 2.994878891, 1.996585927, 10
183.0697238, 91.45194083, 4.06809796, 5.989757782, 1.996585927, 1.996585927, 10
189.0594816, 96.44340565, 5.066390923, 1.996585927, 2.994878891, 2.994878891, 10
165.1004504, 107.4246282, 4.06809796, 1.996585927, 3.993171855, 1.996585927, 10
173.0867941, 101.4348705, 4.06809796, 3.993171855, 1.996585927, 1.996585927, 10
183.0697238, 98.43999158, 1.073219069, 1.996585927, 6.988050746, 0.998292964, 10
173.0867941, 112.4160931, 4.06809796, 5.989757782, 0.998292964, 1.996585927, 10
183.0697238, 110.4195071, 4.06809796, 5.989757782, 0.998292964, 1.996585927, 10
174.0850871, 107.4246282, 9.059562778, 4.991464818, 1.996585927, 0.998292964, 10
184.0680167, 95.44511269, 9.059562778, 4.991464818, 1.996585927, 0.998292964, 10
179.0765519, 105.4280423, 1.073219069, 1.996585927, 3.993171855, 0.998292964, 10
188.0611886, 103.4314564, 6.064683887, 0.998292964, 3.993171855, 1.996585927, 10
175.0833801, 98.43999158, 3.069804996, 1.996585927, 0.998292964, 2.994878891, 10
184.0680167, 91.45194083, 7.062976851, 2.994878891, 1.996585927, 0.998292964, 10
181.0731378, 104.4297494, 9.059562778, 5.989757782, 0.998292964, 0.998292964, 10
165.1004504, 109.4212142, 7.062976851, 1.996585927, 1.996585927, 0.998292964, 10
167.0970364, 101.4348705, 3.069804996, 1.996585927, 1.996585927, 0.998292964, 10
178.078259, 101.4348705, 10.05785574, 0.998292964, 1.996585927, 1.996585927, 10
179.0765519, 97.44169861, 1.073219069, 1.996585927, 1.996585927, 0.998292964, 10
185.0663097, 95.44511269, 11.05614871, 1.996585927, 1.996585927, 0.998292964, 10
187.0628956, 112.4160931, 3.069804996, 3.993171855, 0.998292964, 0.998292964, 10
174.0850871, 102.4331634, 7.062976851, 2.994878891, 0.998292964, 0.998292964, 10
174.0850871, 110.4195071, 1.073219069, 2.994878891, 0.998292964, 0.998292964, 10
176.081673, 100.4365775, 1.073219069, 2.994878891, 0.998292964, 0.998292964, 10
190.0577745, 92.45023379, 5.066390923, 0.998292964, 0.998292964, 2.994878891, 10
169.0936223, 98.43999158, 3.069804996, 1.996585927, 0.998292964, 0.998292964, 10
169.0936223, 106.4263353, 1.073219069, 1.996585927, 0.998292964, 0.998292964, 10
169.0936223, 112.4160931, 7.062976851, 1.996585927, 0.998292964, 0.998292964, 10
176.081673, 96.44340565, 4.06809796, 0.998292964, 0.998292964, 1.996585927, 10
179.0765519, 110.4195071, 7.062976851, 1.996585927, 0.998292964, 0.998292964, 10
182.0714308, 88.45706194, 4.06809796, 0.998292964, 0.998292964, 1.996585927, 10
181.0731378, 104.4297494, 11.05614871, 1.996585927, 0.998292964, 0.998292964, 10
181.0731378, 106.4263353, 9.059562778, 1.996585927, 0.998292964, 0.998292964, 10
182.0714308, 107.4246282, 1.073219069, 0.998292964, 1.996585927, 0.998292964, 10
185.0663097, 92.45023379, 9.059562778, 1.996585927, 0.998292964, 0.998292964, 10
188.0611886, 99.43828454, 13.05273463, 0.998292964, 1.996585927, 0.998292964, 10
188.0611886, 107.4246282, 3.069804996, 0.998292964, 1.996585927, 0.998292964, 10
190.0577745, 105.4280423, 7.062976851, 0.998292964, 1.996585927, 0.998292964, 10
192.0543605, 96.44340565, 4.06809796, 0.998292964, 0.998292964, 1.996585927, 10
166.0987434, 106.4263353, 7.062976851, 0.998292964, 0.998292964, 0.998292964, 10
166.0987434, 108.4229212, 1.073219069, 0.998292964, 0.998292964, 0.998292964, 10
166.0987434, 112.4160931, 5.066390923, 0.998292964, 0.998292964, 0.998292964, 10
168.0953293, 100.4365775, 1.073219069, 0.998292964, 0.998292964, 0.998292964, 10
168.0953293, 100.4365775, 5.066390923, 0.998292964, 0.998292964, 0.998292964, 10
168.0953293, 108.4229212, 9.059562778, 0.998292964, 0.998292964, 0.998292964, 10
170.0919152, 102.4331634, 1.073219069, 0.998292964, 0.998292964, 0.998292964, 10
174.0850871, 96.44340565, 3.069804996, 0.998292964, 0.998292964, 0.998292964, 10
174.0850871, 112.4160931, 7.062976851, 0.998292964, 0.998292964, 0.998292964, 10
176.081673, 94.44681972, 5.066390923, 0.998292964, 0.998292964, 0.998292964, 10
176.081673, 100.4365775, 7.062976851, 0.998292964, 0.998292964, 0.998292964, 10
176.081673, 102.4331634, 9.059562778, 0.998292964, 0.998292964, 0.998292964, 10
178.078259, 98.43999158, 9.059562778, 0.998292964, 0.998292964, 0.998292964, 10
180.0748449, 88.45706194, 3.069804996, 0.998292964, 0.998292964, 0.998292964, 10
180.0748449, 92.45023379, 7.062976851, 0.998292964, 0.998292964, 0.998292964, 10
180.0748449, 112.4160931, 5.066390923, 0.998292964, 0.998292964, 0.998292964, 10
182.0714308, 90.45364787, 1.073219069, 0.998292964, 0.998292964, 0.998292964, 10
182.0714308, 96.44340565, 11.05614871, 0.998292964, 0.998292964, 0.998292964, 10
186.0646027, 96.44340565, 13.05273463, 0.998292964, 0.998292964, 0.998292964, 10
188.0611886, 92.45023379, 7.062976851, 0.998292964, 0.998292964, 0.998292964, 10
188.0611886, 100.4365775, 3.069804996, 0.998292964, 0.998292964, 0.998292964, 10
188.0611886, 108.4229212, 5.066390923, 0.998292964, 0.998292964, 0.998292964, 10
190.0577745, 100.4365775, 5.066390923, 0.998292964, 0.998292964, 0.998292964, 10
192.0543605, 94.44681972, 5.066390923, 0.998292964, 0.998292964, 0.998292964, 10
135.2333959, 89.28759388, 31.73339592, 0.645614274, 1.291228548, 0.645614274, 11
169.9761923, 113.2602391, 23.97547518, 2.99551035, 6.989524149, 6.989524149, 12
166.980682, 123.2452736, 27.96948898, 3.994013799, 2.99551035, 4.992517249, 12
174.9687096, 109.2662253, 27.96948898, 1.9970069, 4.992517249, 4.992517249, 12
168.9776889, 104.2737081, 24.97397863, 3.994013799, 1.9970069, 3.994013799, 12
165.9821785, 117.2542529, 23.97547518, 0.99850345, 2.99551035, 8.986531049, 12
165.9821785, 122.2467702, 20.97996483, 4.992517249, 1.9970069, 1.9970069, 12
173.9702061, 111.2632322, 19.98146138, 0.99850345, 4.992517249, 2.99551035, 12
163.9851716, 118.2527564, 22.97697173, 0.99850345, 1.9970069, 5.991020699, 12
165.9821785, 127.2392874, 26.97098553, 2.99551035, 0.99850345, 3.994013799, 12
171.9731992, 114.2587426, 31.96350278, 0.99850345, 9.985034499, 0.99850345, 12
161.9881647, 123.2452736, 25.97248208, 0.99850345, 2.99551035, 2.99551035, 12
165.9821785, 109.2662253, 21.97846828, 0.99850345, 2.99551035, 2.99551035, 12
169.9761923, 115.257246, 15.98744758, 2.99551035, 2.99551035, 0.99850345, 12
163.9851716, 126.240784, 21.97846828, 2.99551035, 1.9970069, 0.99850345, 12
167.9791854, 105.2722115, 30.96499933, 2.99551035, 0.99850345, 1.9970069, 12
169.9761923, 117.2542529, 32.96200623, 0.99850345, 2.99551035, 1.9970069, 12
173.9702061, 116.2557495, 25.97248208, 0.99850345, 1.9970069, 2.99551035, 12
175.967213, 109.2662253, 20.97996483, 0.99850345, 2.99551035, 1.9970069, 12
171.9731992, 121.2482667, 25.97248208, 0.99850345, 0.99850345, 4.992517249, 12
169.9761923, 105.2722115, 19.98146138, 4.992517249, 0.99850345, 0.99850345, 12
165.9821785, 107.2692184, 28.96799243, 0.99850345, 0.99850345, 3.994013799, 12
165.9821785, 129.2362943, 26.97098553, 0.99850345, 0.99850345, 3.994013799, 12
166.980682, 101.2781977, 22.97697173, 1.9970069, 0.99850345, 1.9970069, 12
166.980682, 121.2482667, 17.98445448, 3.994013799, 0.99850345, 0.99850345, 12
172.9717027, 110.2647288, 15.98744758, 1.9970069, 1.9970069, 0.99850345, 12
177.9642199, 108.2677219, 30.96499933, 0.99850345, 1.9970069, 1.9970069, 12
161.9881647, 119.2512598, 21.97846828, 0.99850345, 0.99850345, 2.99551035, 12
167.9791854, 117.2542529, 31.96350278, 0.99850345, 2.99551035, 0.99850345, 12
167.9791854, 127.2392874, 31.96350278, 2.99551035, 0.99850345, 0.99850345, 12
163.9851716, 111.2632322, 22.97697173, 0.99850345, 0.99850345, 1.9970069, 12
163.9851716, 129.2362943, 24.97397863, 0.99850345, 0.99850345, 1.9970069, 12
165.9821785, 111.2632322, 26.97098553, 0.99850345, 0.99850345, 1.9970069, 12
165.9821785, 113.2602391, 20.97996483, 0.99850345, 0.99850345, 1.9970069, 12
164.9836751, 125.2422805, 19.98146138, 1.9970069, 0.99850345, 0.99850345, 12
167.9791854, 118.2527564, 13.99044068, 0.99850345, 1.9970069, 0.99850345, 12
167.9791854, 124.2437771, 33.96050968, 0.99850345, 1.9970069, 0.99850345, 12
167.9791854, 129.2362943, 28.96799243, 0.99850345, 0.99850345, 1.9970069, 12
169.9761923, 101.2781977, 24.97397863, 0.99850345, 0.99850345, 1.9970069, 12
168.9776889, 103.2752046, 19.98146138, 1.9970069, 0.99850345, 0.99850345, 12
168.9776889, 107.2692184, 31.96350278, 1.9970069, 0.99850345, 0.99850345, 12
168.9776889, 119.2512598, 15.98744758, 1.9970069, 0.99850345, 0.99850345, 12
169.9761923, 122.2467702, 33.96050968, 0.99850345, 1.9970069, 0.99850345, 12
170.9746958, 103.2752046, 29.96649588, 1.9970069, 0.99850345, 0.99850345, 12
171.9731992, 123.2452736, 26.97098553, 0.99850345, 0.99850345, 1.9970069, 12
173.9702061, 104.2737081, 21.97846828, 0.99850345, 1.9970069, 0.99850345, 12
173.9702061, 115.257246, 30.96499933, 0.99850345, 0.99850345, 1.9970069, 12
173.9702061, 117.2542529, 20.97996483, 0.99850345, 0.99850345, 1.9970069, 12
173.9702061, 119.2512598, 28.96799243, 0.99850345, 0.99850345, 1.9970069, 12
177.9642199, 108.2677219, 23.97547518, 0.99850345, 1.9970069, 0.99850345, 12
159.9911578, 121.2482667, 21.97846828, 0.99850345, 0.99850345, 0.99850345, 12
159.9911578, 123.2452736, 23.97547518, 0.99850345, 0.99850345, 0.99850345, 12
161.9881647, 117.2542529, 19.98146138, 0.99850345, 0.99850345, 0.99850345, 12
161.9881647, 117.2542529, 23.97547518, 0.99850345, 0.99850345, 0.99850345, 12
161.9881647, 125.2422805, 29.96649588, 0.99850345, 0.99850345, 0.99850345, 12
161.9881647, 127.2392874, 23.97547518, 0.99850345, 0.99850345, 0.99850345, 12
161.9881647, 127.2392874, 27.96948898, 0.99850345, 0.99850345, 0.99850345, 12
163.9851716, 107.2692184, 21.97846828, 0.99850345, 0.99850345, 0.99850345, 12
163.9851716, 107.2692184, 31.96350278, 0.99850345, 0.99850345, 0.99850345, 12
163.9851716, 119.2512598, 15.98744758, 0.99850345, 0.99850345, 0.99850345, 12
163.9851716, 119.2512598, 29.96649588, 0.99850345, 0.99850345, 0.99850345, 12
165.9821785, 109.2662253, 27.96948898, 0.99850345, 0.99850345, 0.99850345, 12
165.9821785, 113.2602391, 15.98744758, 0.99850345, 0.99850345, 0.99850345, 12
165.9821785, 113.2602391, 25.97248208, 0.99850345, 0.99850345, 0.99850345, 12
165.9821785, 113.2602391, 29.96649588, 0.99850345, 0.99850345, 0.99850345, 12
165.9821785, 123.2452736, 17.98445448, 0.99850345, 0.99850345, 0.99850345, 12
167.9791854, 101.2781977, 25.97248208, 0.99850345, 0.99850345, 0.99850345, 12
167.9791854, 125.2422805, 21.97846828, 0.99850345, 0.99850345, 0.99850345, 12
169.9761923, 99.28119083, 25.97248208, 0.99850345, 0.99850345, 0.99850345, 12
169.9761923, 105.2722115, 17.98445448, 0.99850345, 0.99850345, 0.99850345, 12
169.9761923, 109.2662253, 31.96350278, 0.99850345, 0.99850345, 0.99850345, 12
169.9761923, 111.2632322, 15.98744758, 0.99850345, 0.99850345, 0.99850345, 12
169.9761923, 127.2392874, 29.96649588, 0.99850345, 0.99850345, 0.99850345, 12
171.9731992, 105.2722115, 29.96649588, 0.99850345, 0.99850345, 0.99850345, 12
171.9731992, 107.2692184, 15.98744758, 0.99850345, 0.99850345, 0.99850345, 12
171.9731992, 121.2482667, 33.96050968, 0.99850345, 0.99850345, 0.99850345, 12
173.9702061, 113.2602391, 15.98744758, 0.99850345, 0.99850345, 0.99850345, 12
173.9702061, 117.2542529, 31.96350278, 0.99850345, 0.99850345, 0.99850345, 12
175.967213, 109.2662253, 17.98445448, 0.99850345, 0.99850345, 0.99850345, 12
175.967213, 113.2602391, 21.97846828, 0.99850345, 0.99850345, 0.99850345, 12
177.9642199, 109.2662253, 27.96948898, 0.99850345, 0.99850345, 0.99850345, 12
167.5290655, 101.9535052, 14.74196577, 0.645614274, 1.291228548, 0.645614274, 13
48.70718573, 109.4543378, 5.169663772, 1.1346667, 1.1346667, 1.1346667, 14
50.97651913, 109.4543378, 2.900330372, 1.1346667, 1.1346667, 1.1346667, 14
54.92158973, 119.2261411, 31.06741107, 1.895461607, 0.947730804, 1.895461607, 15
55.86932054, 121.1216027, 31.06741107, 0.947730804, 0.947730804, 1.895461607, 15
53.97385893, 121.1216027, 32.01514188, 0.947730804, 0.947730804, 0.947730804, 15
130.4918971, 127.7477044, 16.88411252, 4.035324243, 4.035324243, 4.035324243, 16
133.5183902, 127.7477044, 26.97242312, 5.044155304, 2.017662122, 2.017662122, 16
125.4477418, 127.7477044, 14.8664504, 1.008831061, 4.035324243, 4.035324243, 16
129.483066, 122.7035491, 17.89294358, 5.044155304, 1.008831061, 3.026493182, 16
129.483066, 127.7477044, 31.00774737, 3.026493182, 2.017662122, 2.017662122, 16
129.483066, 126.7388733, 21.92826782, 3.026493182, 3.026493182, 1.008831061, 16
129.483066, 128.7565354, 11.83995721, 3.026493182, 3.026493182, 1.008831061, 16
135.5360524, 126.7388733, 17.89294358, 1.008831061, 3.026493182, 3.026493182, 16
123.4300796, 124.7212112, 16.88411252, 1.008831061, 3.026493182, 2.017662122, 16
135.5360524, 127.7477044, 23.94592994, 3.026493182, 2.017662122, 1.008831061, 16
125.4477418, 126.7388733, 19.9106057, 1.008831061, 3.026493182, 1.008831061, 16
129.483066, 122.7035491, 13.85761933, 3.026493182, 1.008831061, 1.008831061, 16
133.5183902, 124.7212112, 21.92826782, 1.008831061, 3.026493182, 1.008831061, 16
123.4300796, 127.7477044, 13.85761933, 1.008831061, 2.017662122, 1.008831061, 16
127.4654039, 123.7123801, 11.83995721, 1.008831061, 2.017662122, 1.008831061, 16
127.4654039, 132.7918597, 14.8664504, 1.008831061, 1.008831061, 2.017662122, 16
128.4742349, 126.7388733, 23.94592994, 2.017662122, 1.008831061, 1.008831061, 16
128.4742349, 130.7741976, 27.98125418, 2.017662122, 1.008831061, 1.008831061, 16
130.4918971, 120.6858869, 19.9106057, 2.017662122, 1.008831061, 1.008831061, 16
130.4918971, 126.7388733, 9.822295091, 2.017662122, 1.008831061, 1.008831061, 16
135.5360524, 130.7741976, 16.88411252, 1.008831061, 1.008831061, 2.017662122, 16
137.5537145, 130.7741976, 26.97242312, 1.008831061, 1.008831061, 2.017662122, 16
139.5713766, 127.7477044, 27.98125418, 1.008831061, 2.017662122, 1.008831061, 16
123.4300796, 124.7212112, 19.9106057, 1.008831061, 1.008831061, 1.008831061, 16
123.4300796, 128.7565354, 15.87528146, 1.008831061, 1.008831061, 1.008831061, 16
125.4477418, 126.7388733, 32.01657843, 1.008831061, 1.008831061, 1.008831061, 16
125.4477418, 132.7918597, 11.83995721, 1.008831061, 1.008831061, 1.008831061, 16
127.4654039, 128.7565354, 9.822295091, 1.008831061, 1.008831061, 1.008831061, 16
127.4654039, 130.7741976, 32.01657843, 1.008831061, 1.008831061, 1.008831061, 16
129.483066, 122.7035491, 21.92826782, 1.008831061, 1.008831061, 1.008831061, 16
129.483066, 124.7212112, 11.83995721, 1.008831061, 1.008831061, 1.008831061, 16
129.483066, 128.7565354, 23.94592994, 1.008831061, 1.008831061, 1.008831061, 16
129.483066, 130.7741976, 21.92826782, 1.008831061, 1.008831061, 1.008831061, 16
129.483066, 132.7918597, 15.87528146, 1.008831061, 1.008831061, 1.008831061, 16
131.5007281, 132.7918597, 13.85761933, 1.008831061, 1.008831061, 1.008831061, 16
131.5007281, 132.7918597, 17.89294358, 1.008831061, 1.008831061, 1.008831061, 16
133.5183902, 128.7565354, 11.83995721, 1.008831061, 1.008831061, 1.008831061, 16
133.5183902, 132.7918597, 15.87528146, 1.008831061, 1.008831061, 1.008831061, 16
135.5360524, 122.7035491, 19.9106057, 1.008831061, 1.008831061, 1.008831061, 16
135.5360524, 128.7565354, 13.85761933, 1.008831061, 1.008831061, 1.008831061, 16
191.7254934, 129.3750029, 2.472443888, 0.727121708, 1.454243416, 0.727121708, 17
104.1805773, 133.4933927, 6.080262689, 4.012619002, 3.009464252, 4.012619002, 18
106.1868868, 137.5060117, 6.080262689, 4.012619002, 1.003154751, 4.012619002, 18
103.1774225, 134.4965475, 11.09603644, 5.015773753, 2.006309501, 1.003154751, 18
105.183732, 129.4807737, 5.077107938, 3.009464252, 1.003154751, 3.009464252, 18
109.196351, 133.4933927, 5.077107938, 1.003154751, 3.009464252, 3.009464252, 18
99.16480352, 132.490238, 6.080262689, 1.003154751, 2.006309501, 2.006309501, 18
106.1868868, 127.4744642, 4.073953188, 2.006309501, 1.003154751, 2.006309501, 18
106.1868868, 139.5123212, 4.073953188, 2.006309501, 1.003154751, 2.006309501, 18
111.2026605, 134.4965475, 4.073953188, 1.003154751, 2.006309501, 2.006309501, 18
101.171113, 137.5060117, 9.089726941, 1.003154751, 1.003154751, 3.009464252, 18
103.1774225, 131.4870832, 11.09603644, 3.009464252, 1.003154751, 1.003154751, 18
107.1900415, 133.4933927, 1.064488936, 1.003154751, 3.009464252, 1.003154751, 18
105.183732, 135.4997022, 13.10234594, 3.009464252, 1.003154751, 1.003154751, 18
99.16480352, 135.4997022, 8.08657219, 1.003154751, 1.003154751, 2.006309501, 18
101.171113, 129.4807737, 6.080262689, 1.003154751, 1.003154751, 2.006309501, 18
103.1774225, 139.5123212, 6.080262689, 1.003154751, 1.003154751, 2.006309501, 18
106.1868868, 137.5060117, 11.09603644, 2.006309501, 1.003154751, 1.003154751, 18
109.196351, 133.4933927, 10.09288169, 1.003154751, 1.003154751, 2.006309501, 18
97.15849402, 133.4933927, 7.08341744, 1.003154751, 1.003154751, 1.003154751, 18
99.16480352, 133.4933927, 9.089726941, 1.003154751, 1.003154751, 1.003154751, 18
105.183732, 133.4933927, 1.064488936, 1.003154751, 1.003154751, 1.003154751, 18
105.183732, 139.5123212, 9.089726941, 1.003154751, 1.003154751, 1.003154751, 18
109.196351, 135.4997022, 9.089726941, 1.003154751, 1.003154751, 1.003154751, 18
191.2096769, 129.6694968, 5.846869655, 0.354402522, 0.708805044, 0.708805044, 19
191.918482, 128.9606918, 4.429259567, 0.354402522, 0.708805044, 0.708805044, 19
191.2096769, 130.7327044, 4.783662089, 0.354402522, 0.354402522, 1.063207566, 19
191.918482, 130.3783019, 5.492467133, 0.354402522, 0.708805044, 0.354402522, 19
192.2728845, 130.0238994, 4.074857045, 0.708805044, 0.354402522, 0.354402522, 19
191.2096769, 128.6062893, 4.074857045, 0.354402522, 0.354402522, 0.354402522, 19
191.2096769, 128.6062893, 6.201272177, 0.354402522, 0.354402522, 0.354402522, 19
191.2096769, 131.4415095, 4.074857045, 0.354402522, 0.354402522, 0.354402522, 19
192.627287, 128.6062893, 4.074857045, 0.354402522, 0.354402522, 0.354402522, 19
138.1684113, 138.0051967, 26.97547018, 0.761797817, 1.523595634, 0.761797817, 20